/index.html /
/about//index.{html} /about//
/posts/learn-hugo/Shortcodes-hugo/index.{html} /posts/learn-hugo/Shortcodes-hugo/
/posts/learn-hugo/hugo-Taxonomies/index.{html} /posts/learn-hugo/hugo-Taxonomies/
/posts/windows/My-Favourite-List-of-Softwares/index.{html} /posts/windows/My-Favourite-List-of-Softwares/
/posts/windows/this-is-brand-new-post/index.{html} /posts/windows/this-is-brand-new-post/
/posts/windows/windows-customization/index.{html} /posts/windows/windows-customization/
/private/private-note/index.{html} /private/private-note/
